run_number,language,server_replicas,num_concurrent_clients_scenario,num_messages_per_client_scenario,total_connections_attempted,successful_connections,total_messages_sent,total_messages_received,average_latency_ms,max_latency_ms,min_latency_ms,total_errors,total_latency_sum_ms,scenario_success_rate,language
4,go,2,10,1,10,10,10,10,2.1233803,3.213922,0.166813,0,21.233803,100.0,go
4,go,2,10,10,10,10,100,100,0.32106427,0.40907489999999996,0.2182188,0,32.106427,100.0,go
4,go,2,10,100,10,10,1000,1000,0.244641853,0.25932361,0.22370257999999998,0,244.64185299999997,100.0,go
4,go,2,10,500,10,10,5000,5000,0.2214006598,0.23024594800000014,0.20748370400000013,0,1107.0032990000002,100.0,go
4,go,2,10,1000,10,10,10000,10000,0.2283097247999999,0.23114680799999993,0.22392856199999958,0,2283.097247999999,100.0,go
4,go,2,10,10000,10,10,100000,100000,0.27296358286999955,0.2785863960999995,0.2636190062999999,0,27296.35828699996,100.0,go
4,go,2,20,1,20,20,20,20,0.5401064,1.46675,0.109655,0,10.802128,100.0,go
4,go,2,20,10,20,20,200,200,0.4871182,0.6633037,0.21072410000000003,0,97.42364,100.0,go
4,go,2,20,100,20,20,2000,2000,0.383041066,0.41956987999999995,0.32983431999999996,0,766.082132,100.0,go
4,go,2,20,500,20,20,10000,10000,0.38229320580000004,0.4011312240000002,0.36757913,0,3822.9320580000003,100.0,go
4,go,2,20,1000,20,20,20000,20000,0.3776311202499999,0.39205753499999957,0.35233739799999997,0,7552.622404999998,100.0,go
4,go,2,20,10000,20,20,200000,200000,0.37689580706500003,0.3795345878000007,0.3734647308000014,0,75379.16141300001,100.0,go
4,go,2,30,1,30,30,30,30,0.9339338,1.6228,0.110248,0,28.018014,100.0,go
4,go,2,30,10,30,30,300,300,2.532795806666667,4.145706200000001,0.2279347,0,759.838742,100.0,go
4,go,2,30,100,30,30,3000,3000,0.5485872166666667,0.63834618,0.44874104000000004,0,1645.76165,100.0,go
4,go,2,30,500,30,30,15000,15000,0.4484838118,0.46756481800000027,0.42217517400000026,0,6727.257177,100.0,go
4,go,2,30,1000,30,30,30000,30000,0.45961707483333325,0.4807319740000005,0.43458457,0,13788.512244999998,100.0,go
4,go,2,30,10000,30,30,300000,300000,0.4812308686633332,0.4861992188000005,0.47544888269999974,0,144369.26059899994,100.0,go
4,go,2,40,1,40,40,40,40,0.6165184,2.453561,0.101646,0,24.660736,100.0,go
4,go,2,40,10,40,40,400,400,0.678961135,0.9840955999999998,0.1822082,0,271.584454,100.0,go
4,go,2,40,100,40,40,4000,4000,0.5394726725,0.5971435800000001,0.44213974000000006,0,2157.8906899999997,100.0,go
4,go,2,40,500,40,40,20000,20000,0.6483501257000001,0.674603818,0.5868345399999999,0,12967.002514,100.0,go
4,go,2,40,1000,40,40,40000,40000,0.535035398625,0.5578716609999994,0.4854947660000003,0,21401.415945,100.0,go
4,go,2,40,10000,40,40,400000,400000,0.5872507450300004,0.5932483113000004,0.5796098339000024,0,234900.29801200016,100.0,go
4,go,2,50,1,50,50,50,50,0.49962947999999996,1.507515,0.090375,0,24.981474,100.0,go
4,go,2,50,10,50,50,500,500,0.933781002,1.3909262999999998,0.535614,0,466.890501,100.0,go
4,go,2,50,100,50,50,5000,5000,0.6860619410000001,0.7645748199999999,0.52442153,0,3430.309705,100.0,go
4,go,2,50,500,50,50,25000,25000,0.6123151648399999,0.6371809099999997,0.5696741680000001,0,15307.879121,100.0,go
4,go,2,50,1000,50,50,50000,50000,0.6211955955,0.6439926719999998,0.5764149480000008,0,31059.779775000003,100.0,go
4,go,2,50,10000,50,50,500000,500000,0.695269218,0.7058136619999965,0.6752393770000025,0,347634.609,100.0,go
4,go,2,60,1,60,60,60,60,2.1569203333333333,5.03628,0.143438,0,129.41522,100.0,go
4,go,2,60,10,60,60,600,600,0.8901525783333334,1.3748283999999997,0.3199236,0,534.091547,100.0,go
4,go,2,60,100,60,60,6000,6000,0.8069262476666667,0.9482473899999998,0.58706953,0,4841.557486,100.0,go
4,go,2,60,500,60,60,30000,30000,0.8189700447666667,0.8545922640000001,0.732803664,0,24569.101343,100.0,go
4,go,2,60,1000,60,60,60000,60000,0.8056060495999998,0.8332424619999991,0.7735412420000009,0,48336.36297599999,100.0,go
4,go,2,60,10000,60,60,600000,600000,0.7962324640666668,0.8054664701999993,0.7749777416000061,0,477739.4784400001,100.0,go
4,go,2,70,1,70,70,70,70,1.5627119142857142,4.42465,0.064296,0,109.389834,100.0,go
4,go,2,70,10,70,70,700,700,1.1948852514285715,1.6158582,0.6809240999999999,0,836.419676,100.0,go
4,go,2,70,100,70,70,7000,7000,0.8224828108571428,0.9373732400000001,0.5925345399999999,0,5757.379676,100.0,go
4,go,2,70,500,70,70,35000,35000,0.9772489258285715,1.0229129400000005,0.8378523819999996,0,34203.712404000005,100.0,go
4,go,2,70,1000,70,70,70000,70000,0.9378525338142859,0.9723638579999992,0.8746418429999998,0,65649.67736700001,100.0,go
4,go,2,70,10000,70,70,700000,700000,0.9096194887428575,0.9229992278000023,0.8854970068999959,0,636733.6421200002,100.0,go
4,go,2,80,1,80,80,80,80,1.3706061125,4.678163,0.113353,0,109.648489,100.0,go
4,go,2,80,10,80,80,800,800,1.53867845375,2.2694585,0.5800522000000001,0,1230.942763,100.0,go
4,go,2,80,100,80,80,8000,8000,1.23611303675,1.3920974099999994,1.00265832,0,9888.904294,100.0,go
4,go,2,80,500,80,80,40000,40000,1.0975933599499998,1.1631636699999992,0.9512025379999993,0,43903.734398,100.0,go
4,go,2,80,1000,80,80,80000,80000,1.0183012439374999,1.0649217670000017,0.963863018,0,81464.09951499998,100.0,go
4,go,2,80,10000,80,80,800000,800000,1.0380881885962494,1.0478387972999998,1.0179303402999988,0,830470.5508769996,100.0,go
4,go,2,90,1,90,90,90,90,1.3850707666666666,4.781399,0.095353,0,124.656369,100.0,go
4,go,2,90,10,90,90,900,900,1.3276650555555556,2.0560845,0.7395489000000001,0,1194.8985500000001,100.0,go
4,go,2,90,100,90,90,9000,9000,1.078527396111111,1.2176406799999997,0.9023345699999997,0,9706.746565,100.0,go
4,go,2,90,500,90,90,45000,45000,1.0182806808444445,1.0674324840000005,0.9305351679999998,0,45822.630637999995,100.0,go
4,go,2,90,1000,90,90,90000,90000,1.1705297054555555,1.2146905019999992,1.1017503320000002,0,105347.673491,100.0,go
4,go,2,90,10000,90,90,900000,900000,1.128183816974445,1.1436657089,1.0927081257999984,0,1015365.4352770005,100.0,go
4,go,2,100,1,100,100,100,100,1.8001621600000002,4.519244,0.099681,0,180.01621600000001,100.0,go
4,go,2,100,10,100,100,1000,1000,1.932141539,2.6623867999999997,1.2208259,0,1932.141539,100.0,go
4,go,2,100,100,100,100,10000,10000,1.3077116022000002,1.5199457700000003,1.0557677300000001,0,13077.116022,100.0,go
4,go,2,100,500,100,100,50000,50000,1.2928999464200002,1.390130003999999,1.0682243239999993,0,64644.997321,100.0,go
4,go,2,100,1000,100,100,100000,100000,1.23291612931,1.285385762999999,1.13244786,0,123291.612931,100.0,go
4,go,2,100,10000,100,100,1000000,1000000,1.2782475585679998,1.294582837699997,1.2313823133999997,0,1278247.5585679996,100.0,go
4,go,4,10,1,10,10,10,10,0.8263845,2.639667,0.151424,0,8.263845,100.0,go
4,go,4,10,10,10,10,100,100,0.30267453,0.3493387,0.26460819999999996,0,30.267453,100.0,go
4,go,4,10,100,10,10,1000,1000,0.256477275,0.28292023,0.23620186,0,256.47727499999996,100.0,go
4,go,4,10,500,10,10,5000,5000,0.22106042500000003,0.2347892019999998,0.20334185999999996,0,1105.3021250000002,100.0,go
4,go,4,10,1000,10,10,10000,10000,0.22260197030000003,0.22799853800000014,0.20725593100000025,0,2226.0197030000004,100.0,go
4,go,4,10,10000,10,10,100000,100000,0.23992729634000004,0.24343521269999943,0.23652245790000048,0,23992.729634000003,100.0,go
4,go,4,20,1,20,20,20,20,0.84833825,1.830971,0.153023,0,16.966765,100.0,go
4,go,4,20,10,20,20,200,200,0.5122687100000001,0.6237533,0.3568243,0,102.45374199999999,100.0,go
4,go,4,20,100,20,20,2000,2000,0.40449656149999996,0.4574980100000003,0.33993176999999997,0,808.993123,100.0,go
4,go,4,20,500,20,20,10000,10000,0.3589085379,0.377564578,0.33174674,0,3589.085379,100.0,go
4,go,4,20,1000,20,20,20000,20000,0.4259798129,0.4474069339999998,0.39310852800000046,0,8519.596258,100.0,go
4,go,4,20,10000,20,20,200000,200000,0.4106236812499999,0.4242423276999999,0.3961852583,0,82124.73624999999,100.0,go
4,go,4,30,1,30,30,30,30,0.5386471,2.199182,0.126318,0,16.159413,100.0,go
4,go,4,30,10,30,30,300,300,0.8910801766666666,1.2107493000000003,0.4597587999999999,0,267.324053,100.0,go
4,go,4,30,100,30,30,3000,3000,0.5232664346666666,0.5694066,0.4355595999999997,0,1569.799304,100.0,go
4,go,4,30,500,30,30,15000,15000,0.6032375362000001,0.637647258,0.5672554099999997,0,9048.563043,100.0,go
4,go,4,30,1000,30,30,30000,30000,0.5458156057,0.5638404000000005,0.5095654860000002,0,16374.468171000002,100.0,go
4,go,4,30,10000,30,30,300000,300000,0.557082400143333,0.5705070447000004,0.5082552050000013,0,167124.7200429999,100.0,go
4,go,4,40,1,40,40,40,40,0.90193035,3.177274,0.101243,0,36.077214,100.0,go
4,go,4,40,10,40,40,400,400,0.7425632875,1.4105009000000002,0.3403128,0,297.02531500000003,100.0,go
4,go,4,40,100,40,40,4000,4000,0.6119110015,0.6746671800000001,0.5220103599999999,0,2447.644006,100.0,go
4,go,4,40,500,40,40,20000,20000,0.68775965165,0.7355327479999997,0.6212066719999995,0,13755.193033,100.0,go
4,go,4,40,1000,40,40,40000,40000,0.6379197406250001,0.65816976,0.6132555759999999,0,25516.789625000005,100.0,go
4,go,4,40,10000,40,40,400000,400000,0.6861539428750004,0.7014331806000037,0.6483090571999991,0,274461.57715000014,100.0,go
4,go,4,50,1,50,50,50,50,1.3550848400000002,4.014718,0.165318,0,67.754242,100.0,go
4,go,4,50,10,50,50,500,500,0.938119474,1.5111745,0.15882190000000002,0,469.059737,100.0,go
4,go,4,50,100,50,50,5000,5000,0.7173818346,0.8070533499999999,0.5912451499999997,0,3586.909173,100.0,go
4,go,4,50,500,50,50,25000,25000,0.70833770792,0.7389464459999994,0.6562648879999995,0,17708.442698,100.0,go
4,go,4,50,1000,50,50,50000,50000,0.8084145698599998,0.8530230759999989,0.7346604770000008,0,40420.728492999995,100.0,go
4,go,4,50,10000,50,50,500000,500000,0.7706616213120001,0.7839319202000035,0.7534482317999981,0,385330.81065600005,100.0,go
4,go,4,60,1,60,60,60,60,1.1475105833333332,3.153747,0.092415,0,68.850635,100.0,go
4,go,4,60,10,60,60,600,600,0.9234493483333334,1.3476464000000001,0.3690129,0,554.069609,100.0,go
4,go,4,60,100,60,60,6000,6000,0.8461208513333334,0.9605455200000002,0.65902389,0,5076.725108,100.0,go
4,go,4,60,500,60,60,30000,30000,1.3275785781333334,1.4172839440000005,1.101681962,0,39827.357344,100.0,go
4,go,4,60,1000,60,60,60000,60000,0.8064177971333333,0.8357648259999989,0.7476641449999997,0,48385.067828,100.0,go
4,go,4,60,10000,60,60,600000,600000,0.9025822414316672,0.9205753900000003,0.8476441347000003,0,541549.3448590003,100.0,go
4,go,4,70,1,70,70,70,70,1.2331435142857143,4.909863,0.111777,0,86.320046,100.0,go
4,go,4,70,10,70,70,700,700,1.5510477742857143,2.5738522,0.4431359,0,1085.733442,100.0,go
4,go,4,70,100,70,70,7000,7000,1.1742932741428571,1.3400476499999996,0.8556946699999999,0,8220.052919,100.0,go
4,go,4,70,500,70,70,35000,35000,1.1657983825714284,1.246855442,1.0428368500000003,0,40802.94339,100.0,go
4,go,4,70,1000,70,70,70000,70000,1.0252281826428569,1.128042224000001,0.8989424239999999,0,71765.97278499999,100.0,go
4,go,4,70,10000,70,70,700000,700000,1.0229754564400004,1.0440422299000003,0.9810494592000012,0,716082.8195080003,100.0,go
4,go,4,80,1,80,80,80,80,2.4125609375,6.462245,0.148896,0,193.004875,100.0,go
4,go,4,80,10,80,80,800,800,1.26999607125,1.9896055000000001,0.5805847,0,1015.996857,100.0,go
4,go,4,80,100,80,80,8000,8000,1.302479288,1.4672838899999996,1.0546415799999997,0,10419.834304,100.0,go
4,go,4,80,500,80,80,40000,40000,1.5841694523999998,1.7005628179999996,1.4214720119999995,0,63366.778095999995,100.0,go
4,go,4,80,1000,80,80,80000,80000,1.1267949691625,1.1791605440000013,1.044463242,0,90143.597533,100.0,go
4,go,4,80,10000,80,80,800000,800000,1.2085417569874999,1.22704667350001,1.1663845142999991,0,966833.40559,100.0,go
4,go,4,90,1,90,90,90,90,1.9448381888888888,6.610366,0.091425,0,175.035437,100.0,go
4,go,4,90,10,90,90,900,900,1.6289224433333334,2.3202048,0.3501802,0,1466.030199,100.0,go
4,go,4,90,100,90,90,9000,9000,1.1224841134444445,1.31401895,0.8128578499999994,0,10102.357021,100.0,go
4,go,4,90,500,90,90,45000,45000,1.2097548416666668,1.2880563539999996,1.048700140000001,0,54438.967875,100.0,go
4,go,4,90,1000,90,90,90000,90000,1.2993422948222224,1.3662289890000006,1.2139505220000018,0,116940.80653400002,100.0,go
4,go,4,90,10000,90,90,900000,900000,1.2800433850122217,1.3031365480999992,1.2253252029000048,0,1152039.0465109996,100.0,go
4,go,4,100,1,100,100,100,100,1.82550223,6.506184,0.154247,0,182.550223,100.0,go
4,go,4,100,10,100,100,1000,1000,1.954177954,3.4121669,0.6196518000000001,0,1954.177954,100.0,go
4,go,4,100,100,100,100,10000,10000,1.1783005926,1.4418050599999999,0.8093366399999998,0,11783.005926,100.0,go
4,go,4,100,500,100,100,50000,50000,1.4074047309,1.4964660939999979,1.2248815119999994,0,70370.23654499999,100.0,go
4,go,4,100,1000,100,100,100000,100000,1.3334023161600002,1.4067289470000004,1.1980227379999997,0,133340.231616,100.0,go
4,go,4,100,10000,100,100,1000000,1000000,1.4055854635840002,1.435989603700005,1.3193622828999951,0,1405585.4635840002,100.0,go
4,go,6,10,1,10,10,10,10,0.3385475,0.565023,0.207838,0,3.385475,100.0,go
4,go,6,10,10,10,10,100,100,0.349479,0.4031498,0.29436840000000003,0,34.9479,100.0,go
4,go,6,10,100,10,10,1000,1000,0.256980002,0.27354288,0.23151641,0,256.980002,100.0,go
4,go,6,10,500,10,10,5000,5000,0.2635151576,0.2748471840000001,0.23879103399999985,0,1317.5757879999999,100.0,go
4,go,6,10,1000,10,10,10000,10000,0.26760102129999996,0.27439825200000056,0.23922867399999967,0,2676.0102129999996,100.0,go
4,go,6,10,10000,10,10,100000,100000,0.24960142570000005,0.2577871882000002,0.22148126210000055,0,24960.142570000007,100.0,go
4,go,6,20,1,20,20,20,20,0.6046375,1.414333,0.166991,0,12.09275,100.0,go
4,go,6,20,10,20,20,200,200,0.44705818500000005,0.6020104,0.2678298,0,89.411637,100.0,go
4,go,6,20,100,20,20,2000,2000,0.47683445750000003,0.5259427200000001,0.3616969599999999,0,953.6689150000001,100.0,go
4,go,6,20,500,20,20,10000,10000,0.5740474363000002,0.6029470180000001,0.41491961999999993,0,5740.474363000003,100.0,go
4,go,6,20,1000,20,20,20000,20000,0.45374576429999997,0.4734032229999997,0.4072925639999996,0,9074.915286,100.0,go
4,go,6,20,10000,20,20,200000,200000,0.4107233238599998,0.4301484965,0.3554752321999998,0,82144.66477199996,100.0,go
4,go,6,30,1,30,30,30,30,0.8742147666666666,2.063967,0.152442,0,26.226443,100.0,go
4,go,6,30,10,30,30,300,300,0.6487607333333333,0.8823043,0.41565910000000006,0,194.62822,100.0,go
4,go,6,30,100,30,30,3000,3000,0.7198409886666667,0.7964398899999995,0.57181681,0,2159.522966,100.0,go
4,go,6,30,500,30,30,15000,15000,0.5690523740666666,0.606573476,0.4717012000000001,0,8535.785611000001,100.0,go
4,go,6,30,1000,30,30,30000,30000,0.5384583961000001,0.5727704260000006,0.45425350399999964,0,16153.751883000004,100.0,go
4,go,6,30,10000,30,30,300000,300000,0.598045132933333,0.6195010923999995,0.5567395960000001,0,179413.53987999988,100.0,go
4,go,6,40,1,40,40,40,40,1.38558095,3.386654,0.160893,0,55.423238,100.0,go
4,go,6,40,10,40,40,400,400,0.7262635900000001,1.0688995000000001,0.4156899,0,290.50543600000003,100.0,go
4,go,6,40,100,40,40,4000,4000,0.72661973625,0.7942507800000002,0.6041638399999998,0,2906.478945,100.0,go
4,go,6,40,500,40,40,20000,20000,0.7586919456500001,0.8033267039999996,0.6580020019999998,0,15173.838913000001,100.0,go
4,go,6,40,1000,40,40,40000,40000,0.7630806106000001,0.7944898260000004,0.5817127150000009,0,30523.224424000004,100.0,go
4,go,6,40,10000,40,40,400000,400000,0.7384875298675,0.7652702665999995,0.6757266990000012,0,295395.011947,100.0,go
4,go,6,50,1,50,50,50,50,2.1522232,4.566646,0.255181,0,107.61116,100.0,go
4,go,6,50,10,50,50,500,500,1.338310962,2.0444584000000003,0.5372255,0,669.155481,100.0,go
4,go,6,50,100,50,50,5000,5000,1.0252893900000002,1.1549604599999999,0.6926407599999999,0,5126.4469500000005,100.0,go
4,go,6,50,500,50,50,25000,25000,0.8384560261599999,0.9019642199999995,0.7101757640000004,0,20961.400653999997,100.0,go
4,go,6,50,1000,50,50,50000,50000,0.7646869992,0.7981455660000001,0.6571364210000002,0,38234.34996,100.0,go
4,go,6,50,10000,50,50,500000,500000,0.8425973626860003,0.8726088042,0.6442915088999985,0,421298.68134300015,100.0,go
4,go,6,60,1,60,60,60,60,1.86702345,4.595406,0.210327,0,112.021407,100.0,go
4,go,6,60,10,60,60,600,600,0.8184129266666667,1.4917859000000002,0.1415926,0,491.047756,100.0,go
4,go,6,60,100,60,60,6000,6000,0.8968897183333334,1.0211975199999994,0.5796945099999998,0,5381.33831,100.0,go
4,go,6,60,500,60,60,30000,30000,1.1029244966333331,1.1881924680000002,0.9427022599999998,0,33087.734899,100.0,go
4,go,6,60,1000,60,60,60000,60000,1.0852038976666667,1.140262311000001,1.0063126070000004,0,65112.23386,100.0,go
4,go,6,60,10000,60,60,600000,600000,0.9872991608149998,1.0360021607000052,0.7539058575999994,0,592379.4964889999,100.0,go
4,go,6,70,1,70,70,70,70,1.7430775142857144,3.649047,0.090302,0,122.015426,100.0,go
4,go,6,70,10,70,70,700,700,1.5086808114285715,2.5040266000000004,0.2824445000000001,0,1056.076568,100.0,go
4,go,6,70,100,70,70,7000,7000,1.029990151,1.15703454,0.7775188999999996,0,7209.931057,100.0,go
4,go,6,70,500,70,70,35000,35000,0.9759473468571429,1.0646793219999993,0.8437421840000006,0,34158.157139999996,100.0,go
4,go,6,70,1000,70,70,70000,70000,1.2010972030571432,1.2587836059999997,1.1013441550000005,0,84076.80421400002,100.0,go
4,go,6,70,10000,70,70,700000,700000,1.118456245274286,1.1449281811000012,1.0696450731999974,0,782919.3716920003,100.0,go
4,go,6,80,1,80,80,80,80,1.4154972375,3.992524,0.126112,0,113.239779,100.0,go
4,go,6,80,10,80,80,800,800,1.62122418625,2.3459838,0.4800607,0,1296.979349,100.0,go
4,go,6,80,100,80,80,8000,8000,1.07380312525,1.2185648000000007,0.8600439800000005,0,8590.425002,100.0,go
4,go,6,80,500,80,80,40000,40000,1.2643146149500002,1.3497163019999998,1.0312852240000003,0,50572.58459800001,100.0,go
4,go,6,80,1000,80,80,80000,80000,1.3897033243,1.455918536,1.176239815000002,0,111176.26594400001,100.0,go
4,go,6,80,10000,80,80,800000,800000,1.2918675609950003,1.318875183699997,1.188798283399996,0,1033494.0487960002,100.0,go
4,go,6,90,1,90,90,90,90,1.5427521555555554,5.068165,0.120163,0,138.847694,100.0,go
4,go,6,90,10,90,90,900,900,1.7133756511111111,2.7544766000000003,0.2684551,0,1542.038086,100.0,go
4,go,6,90,100,90,90,9000,9000,1.5483566654444445,1.76249776,1.06461055,0,13935.209988999999,100.0,go
4,go,6,90,500,90,90,45000,45000,1.2519558393333332,1.364691211999998,1.0542247180000006,0,56338.012769999994,100.0,go
4,go,6,90,1000,90,90,90000,90000,1.4110057480222225,1.4635642120000008,1.2310777379999995,0,126990.51732200001,100.0,go
4,go,6,90,10000,90,90,900000,900000,1.3611689197266663,1.3982903222999978,1.2565460845000016,0,1225052.0277539997,100.0,go
4,go,6,100,1,100,100,100,100,2.07624497,6.780275,0.133203,0,207.624497,100.0,go
4,go,6,100,10,100,100,1000,1000,1.4198674310000001,2.8474659000000004,0.32219430000000004,0,1419.8674310000001,100.0,go
4,go,6,100,100,100,100,10000,10000,1.8840553826,2.1985262899999998,1.19431654,0,18840.553826,100.0,go
4,go,6,100,500,100,100,50000,50000,1.34230508666,1.4324246079999994,1.1437430000000008,0,67115.254333,100.0,go
4,go,6,100,1000,100,100,100000,100000,1.58916873121,1.6979613180000015,1.4455173839999984,0,158916.873121,100.0,go
4,go,6,100,10000,100,100,1000000,1000000,1.4597377363320003,1.5094621744999963,1.2747662295000015,0,1459737.7363320005,100.0,go
4,go,8,10,1,10,10,10,10,0.4936822,0.935711,0.21708,0,4.936822,100.0,go
4,go,8,10,10,10,10,100,100,0.33455774000000005,0.37735810000000003,0.28328300000000006,0,33.455774,100.0,go
4,go,8,10,100,10,10,1000,1000,0.381526427,0.4087193899999999,0.32575185999999995,0,381.526427,100.0,go
4,go,8,10,500,10,10,5000,5000,0.26215856239999996,0.2757130299999999,0.25075036599999995,0,1310.792812,100.0,go
4,go,8,10,1000,10,10,10000,10000,0.23371453700000006,0.24080061400000008,0.22193641300000033,0,2337.14537,100.0,go
4,go,8,10,10000,10,10,100000,100000,0.23862069261999977,0.24964503619999995,0.21734426809999963,0,23862.069261999975,100.0,go
4,go,8,20,1,20,20,20,20,0.6353530000000001,1.470136,0.150764,0,12.70706,100.0,go
4,go,8,20,10,20,20,200,200,0.518549445,0.7353178,0.2732193,0,103.709889,100.0,go
4,go,8,20,100,20,20,2000,2000,0.5178629065000001,0.59199865,0.38749712,0,1035.725813,100.0,go
4,go,8,20,500,20,20,10000,10000,0.39594690590000003,0.43525798800000015,0.3375139880000001,0,3959.469059,100.0,go
4,go,8,20,1000,20,20,20000,20000,0.41444208705,0.4344758079999998,0.33932558200000024,0,8288.841741,100.0,go
4,go,8,20,10000,20,20,200000,200000,0.4128866173700002,0.42228307130000137,0.39267053920000183,0,82577.32347400005,100.0,go
4,go,8,30,1,30,30,30,30,1.1933502999999999,2.794037,0.093645,0,35.800509,100.0,go
4,go,8,30,10,30,30,300,300,0.75265761,0.9712459999999998,0.422743,0,225.797283,100.0,go
4,go,8,30,100,30,30,3000,3000,0.5980956623333333,0.6737742500000001,0.52410583,0,1794.286987,100.0,go
4,go,8,30,500,30,30,15000,15000,0.6186384926,0.6538304759999999,0.526023252000001,0,9279.577389,100.0,go
4,go,8,30,1000,30,30,30000,30000,0.5950507088,0.6222428899999995,0.5026788910000007,0,17851.521264,100.0,go
4,go,8,30,10000,30,30,300000,300000,0.6152428231700001,0.642733054699996,0.49915454519999947,0,184572.84695100004,100.0,go
4,go,8,40,1,40,40,40,40,1.5525501,3.67765,0.104341,0,62.102004,100.0,go
4,go,8,40,10,40,40,400,400,0.80960838,1.1907726,0.38532429999999995,0,323.843352,100.0,go
4,go,8,40,100,40,40,4000,4000,0.722792982,0.8499506899999996,0.55177386,0,2891.1719279999998,100.0,go
4,go,8,40,500,40,40,20000,20000,0.6751200573,0.7178512899999996,0.5952473339999993,0,13502.401146,100.0,go
4,go,8,40,1000,40,40,40000,40000,0.70130231065,0.7500327299999991,0.5422362379999999,0,28052.092426000003,100.0,go
4,go,8,40,10000,40,40,400000,400000,0.7875716251774998,0.8168445947999992,0.7145499217000041,0,315028.6500709999,100.0,go
4,go,8,50,1,50,50,50,50,1.0792205400000001,2.76593,0.126645,0,53.961027,100.0,go
4,go,8,50,10,50,50,500,500,1.0739809580000002,1.6509738999999999,0.3451754,0,536.990479,100.0,go
4,go,8,50,100,50,50,5000,5000,0.9326692742,1.0483619600000005,0.7687654799999999,0,4663.346371,100.0,go
4,go,8,50,500,50,50,25000,25000,0.8853369376000001,0.9682089959999992,0.6391869439999996,0,22133.423440000002,100.0,go
4,go,8,50,1000,50,50,50000,50000,0.8947882783799999,0.950652429,0.7877909709999996,0,44739.41391899999,100.0,go
4,go,8,50,10000,50,50,500000,500000,0.9152575387,0.9532070175,0.8221544852999979,0,457628.76935,100.0,go
4,go,8,60,1,60,60,60,60,1.7114903833333335,3.931468,0.090827,0,102.689423,100.0,go
4,go,8,60,10,60,60,600,600,1.1750597366666669,1.6813221999999999,0.37392140000000007,0,705.035842,100.0,go
4,go,8,60,100,60,60,6000,6000,0.9806189788333334,1.1531495500000002,0.6150644800000002,0,5883.713873,100.0,go
4,go,8,60,500,60,60,30000,30000,0.9537114684333333,1.0037561200000005,0.8610093679999998,0,28611.344053,100.0,go
4,go,8,60,1000,60,60,60000,60000,1.1152244330833334,1.175045009,0.9481101440000004,0,66913.465985,100.0,go
4,go,8,60,10000,60,60,600000,600000,1.0473535022866671,1.0743722967999945,0.8178281225000018,0,628412.1013720003,100.0,go
4,go,8,70,1,70,70,70,70,1.9306138142857143,6.656028,0.126195,0,135.142967,100.0,go
4,go,8,70,10,70,70,700,700,1.5408429957142857,2.2937205,0.24231689999999997,0,1078.590097,100.0,go
4,go,8,70,100,70,70,7000,7000,1.103486517,1.2540485099999996,0.7733470600000001,0,7724.405619,100.0,go
4,go,8,70,500,70,70,35000,35000,1.1471127964285717,1.2223036699999992,0.8670946320000001,0,40148.947875000005,100.0,go
4,go,8,70,1000,70,70,70000,70000,1.1463020619142856,1.1999160010000014,1.0277022739999988,0,80241.144334,100.0,go
4,go,8,70,10000,70,70,700000,700000,1.1989452582885713,1.2498316944000045,1.0164843372999974,0,839261.680802,100.0,go
4,go,8,80,1,80,80,80,80,2.1832233875,5.628277,0.082684,0,174.657871,100.0,go
4,go,8,80,10,80,80,800,800,1.02961092875,2.1776011,0.2581702,0,823.688743,100.0,go
4,go,8,80,100,80,80,8000,8000,1.417965299,1.61345423,1.0716417400000002,0,11343.722392,100.0,go
4,go,8,80,500,80,80,40000,40000,1.276561349625,1.4007250160000022,1.0269482160000007,0,51062.45398499999,100.0,go
4,go,8,80,1000,80,80,80000,80000,1.40202063985,1.4959022020000008,1.1753269300000015,0,112161.651188,100.0,go
4,go,8,80,10000,80,80,800000,800000,1.3527892195875,1.3865718772000035,0.7061470468000014,0,1082231.37567,100.0,go
4,go,8,90,1,90,90,90,90,0.9904951222222221,5.180116,0.079378,0,89.144561,100.0,go
4,go,8,90,10,90,90,900,900,1.6438422566666668,2.4270163000000005,0.33374880000000007,0,1479.458031,100.0,go
4,go,8,90,100,90,90,9000,9000,1.4961918773333334,1.8952149400000002,0.9028018899999998,0,13465.726896,100.0,go
4,go,8,90,500,90,90,45000,45000,1.3964275942444446,1.4821702160000003,1.212298842000001,0,62839.241741000005,100.0,go
4,go,8,90,1000,90,90,90000,90000,1.4241877733222221,1.517462605,1.234182170999998,0,128176.89959900001,100.0,go
4,go,8,90,10000,90,90,900000,900000,1.5055858799755555,1.5364122732000023,1.4263302049000026,0,1355027.291978,100.0,go
4,go,8,100,1,100,100,100,100,1.25789989,4.465169,0.073228,0,125.789989,100.0,go
4,go,8,100,10,100,100,1000,1000,2.347112863,3.9358072,0.28470890000000004,0,2347.112863,100.0,go
4,go,8,100,100,100,100,10000,10000,1.400392679,1.6131332300000003,1.0748101499999998,0,14003.92679,100.0,go
4,go,8,100,500,100,100,50000,50000,1.617150448,1.733060084,1.354072434,0,80857.5224,100.0,go
4,go,8,100,1000,100,100,100000,100000,1.5980385454500001,1.7235301030000016,1.382977840999999,0,159803.854545,100.0,go
4,go,8,100,10000,100,100,1000000,1000000,1.5805602469459998,1.6528053222000005,1.4531717603999998,0,1580560.2469459998,100.0,go
4,go,10,10,1,10,10,10,10,0.41788020000000003,1.092527,0.169016,0,4.178802,100.0,go
4,go,10,10,10,10,10,100,100,0.27077996,0.38618769999999997,0.2034973,0,27.077996,100.0,go
4,go,10,10,100,10,10,1000,1000,0.455894856,0.51451875,0.3726817,0,455.894856,100.0,go
4,go,10,10,500,10,10,5000,5000,0.24367475,0.25307192800000006,0.23009729599999998,0,1218.37375,100.0,go
4,go,10,10,1000,10,10,10000,10000,0.2339100234,0.24373412499999997,0.21993765400000037,0,2339.1002339999995,100.0,go
4,go,10,10,10000,10,10,100000,100000,0.2717798437700004,0.2795115418000006,0.26369040580000125,0,27177.984377000037,100.0,go
4,go,10,20,1,20,20,20,20,3.7658157,7.780743,0.169975,0,75.316314,100.0,go
4,go,10,20,10,20,20,200,200,0.46841700500000005,0.7041994,0.26056540000000006,0,93.683401,100.0,go
4,go,10,20,100,20,20,2000,2000,0.40484735149999995,0.44891981999999997,0.29561159000000004,0,809.6947029999999,100.0,go
4,go,10,20,500,20,20,10000,10000,0.46281803369999996,0.488628758,0.3939552000000001,0,4628.180337,100.0,go
4,go,10,20,1000,20,20,20000,20000,0.40652018495000003,0.4396192950000003,0.3410877990000001,0,8130.403699,100.0,go
4,go,10,20,10000,20,20,200000,200000,0.43540745493500027,0.4553617129000012,0.387836625600001,0,87081.49098700006,100.0,go
4,go,10,30,1,30,30,30,30,1.2626725666666665,3.523496,0.110206,0,37.880176999999996,100.0,go
4,go,10,30,10,30,30,300,300,0.7003377666666667,1.0533304,0.3224245,0,210.10133,100.0,go
4,go,10,30,100,30,30,3000,3000,0.687271912,0.80547426,0.45349570000000006,0,2061.815736,100.0,go
4,go,10,30,500,30,30,15000,15000,0.5885324986666666,0.6373232420000012,0.43549692400000006,0,8827.98748,100.0,go
4,go,10,30,1000,30,30,30000,30000,0.5519397861,0.5885580239999999,0.42874458899999945,0,16558.193583,100.0,go
4,go,10,30,10000,30,30,300000,300000,0.6344273780733338,0.6730553796999982,0.5313496066000007,0,190328.21342200018,100.0,go
4,go,10,40,1,40,40,40,40,0.964767925,3.907812,0.122489,0,38.590717,100.0,go
4,go,10,40,10,40,40,400,400,1.1001636075,1.5294838,0.38292390000000004,0,440.065443,100.0,go
4,go,10,40,100,40,40,4000,4000,0.8324835757500001,0.9688325899999998,0.45939437000000005,0,3329.934303,100.0,go
4,go,10,40,500,40,40,20000,20000,0.8189700642000002,0.8780173259999998,0.545619376,0,16379.401284000005,100.0,go
4,go,10,40,1000,40,40,40000,40000,0.777993968725,0.8319700680000006,0.6270313230000003,0,31119.758749,100.0,go
4,go,10,40,10000,40,40,400000,400000,0.7729829979299995,0.8197513055999998,0.6637115683000006,0,309193.1991719998,100.0,go
4,go,10,50,1,50,50,50,50,1.36533662,3.566815,0.144432,0,68.266831,100.0,go
4,go,10,50,10,50,50,500,500,1.047550396,1.5717652000000002,0.5280522,0,523.775198,100.0,go
4,go,10,50,100,50,50,5000,5000,0.8823351286000001,1.0047514499999999,0.5298816,0,4411.675643,100.0,go
4,go,10,50,500,50,50,25000,25000,0.84883515872,0.8928780359999998,0.753895446,0,21220.878968,100.0,go
4,go,10,50,1000,50,50,50000,50000,0.9658689929799997,1.056273918999999,0.7949520430000006,0,48293.44964899999,100.0,go
4,go,10,50,10000,50,50,500000,500000,1.0220105189500002,1.0571098528999978,0.8891009549999981,0,511005.2594750001,100.0,go
4,go,10,60,1,60,60,60,60,1.601519666666667,4.034826,0.138809,0,96.09118000000001,100.0,go
4,go,10,60,10,60,60,600,600,1.1999799350000002,1.9285145,0.43492810000000004,0,719.987961,100.0,go
4,go,10,60,100,60,60,6000,6000,1.053703739,1.2142730300000002,0.7446577499999998,0,6322.222433999999,100.0,go
4,go,10,60,500,60,60,30000,30000,1.1141028468666667,1.175556658000001,0.8996077620000004,0,33423.085406,100.0,go
4,go,10,60,1000,60,60,60000,60000,1.052135722716667,1.1109462669999997,0.8697435310000009,0,63128.14336300002,100.0,go
4,go,10,60,10000,60,60,600000,600000,1.0906942128783326,1.1712042643000038,0.8563703987999978,0,654416.5277269996,100.0,go
4,go,10,70,1,70,70,70,70,1.427717542857143,5.08768,0.101631,0,99.940228,100.0,go
4,go,10,70,10,70,70,700,700,1.6266653557142858,2.5311630000000003,0.9405125,0,1138.665749,100.0,go
4,go,10,70,100,70,70,7000,7000,1.1048530647142858,1.2850308899999996,0.7140741799999997,0,7733.971453,100.0,go
4,go,10,70,500,70,70,35000,35000,1.0732313186285716,1.181634588,0.8020706239999995,0,37563.096152000006,100.0,go
4,go,10,70,1000,70,70,70000,70000,1.179139962342857,1.2524553640000005,0.9592246340000005,0,82539.79736399998,100.0,go
4,go,10,70,10000,70,70,700000,700000,1.308497858009999,1.3565083708999994,1.1345411419999953,0,915948.5006069994,100.0,go
4,go,10,80,1,80,80,80,80,1.91571045,5.866132,0.095422,0,153.256836,100.0,go
4,go,10,80,10,80,80,800,800,1.90580288875,2.8958427999999996,0.4921646,0,1524.642311,100.0,go
4,go,10,80,100,80,80,8000,8000,1.260072637375,1.4743521999999991,0.9333809699999999,0,10080.581099,100.0,go
4,go,10,80,500,80,80,40000,40000,1.2641934400750001,1.3576398359999975,1.0107599439999988,0,50567.737603,100.0,go
4,go,10,80,1000,80,80,80000,80000,1.3299664731999998,1.4458219930000002,0.938123719000001,0,106397.317856,100.0,go
4,go,10,80,10000,80,80,800000,800000,1.39659947384,1.455043984099996,1.1034969230000011,0,1117279.579072,100.0,go
4,go,10,90,1,90,90,90,90,1.2932630333333333,4.820889,0.076902,0,116.39367299999999,100.0,go
4,go,10,90,10,90,90,900,900,2.0055160344444443,3.4919360999999993,0.35983580000000004,0,1804.964431,100.0,go
4,go,10,90,100,90,90,9000,9000,1.2647115828888889,1.516755949999999,0.6505328900000003,0,11382.404246,100.0,go
4,go,10,90,500,90,90,45000,45000,1.7807726519555556,1.9230144460000003,1.3919719060000006,0,80134.769338,100.0,go
4,go,10,90,1000,90,90,90000,90000,1.5262039649666665,1.6250817189999986,1.3143630089999987,0,137358.356847,100.0,go
4,go,10,90,10000,90,90,900000,900000,1.5511074971144445,1.6224596193999996,1.3210670009000003,0,1395996.747403,100.0,go
4,go,10,100,1,100,100,100,100,3.40660238,7.92628,0.101349,0,340.660238,100.0,go
4,go,10,100,10,100,100,1000,1000,1.387239101,2.1837671000000003,0.1234321,0,1387.239101,100.0,go
4,go,10,100,100,100,100,10000,10000,1.8862738914,2.22793392,1.0532646800000007,0,18862.738914,100.0,go
4,go,10,100,500,100,100,50000,50000,1.5893590616400002,1.7203309779999993,1.3110748880000003,0,79467.953082,100.0,go
4,go,10,100,1000,100,100,100000,100000,1.6351610545800002,1.7765174829999995,1.3968246859999995,0,163516.105458,100.0,go
4,go,10,100,10000,100,100,1000000,1000000,1.5876443496729993,1.6838457421999926,1.2283809094999978,0,1587644.3496729992,100.0,go
4,cpp,2,10,1,10,10,10,10,1.2731519,2.134509,0.204385,0,12.731519,100.0,cpp
4,cpp,2,10,10,10,10,100,100,0.39884627000000006,0.5300621,0.3190933,0,39.884627,100.0,cpp
4,cpp,2,10,100,10,10,1000,1000,0.36537940999999996,0.39214171,0.32435349,0,365.37940999999995,100.0,cpp
4,cpp,2,10,500,10,10,5000,5000,0.34706944139999996,0.3782059719999998,0.312159052,0,1735.3472069999998,100.0,cpp
4,cpp,2,10,1000,10,10,10000,10000,0.3743501985999999,0.385344471,0.3581432759999996,0,3743.5019859999993,100.0,cpp
4,cpp,2,10,10000,10,10,100000,100000,0.38406073897999976,0.42116386590000066,0.29871697640000117,0,38406.07389799997,100.0,cpp
4,cpp,2,20,1,20,20,20,20,0.9089688499999999,2.246804,0.25835,0,18.179377,100.0,cpp
4,cpp,2,20,10,20,20,200,200,0.732276385,1.27652,0.3664158,0,146.455277,100.0,cpp
4,cpp,2,20,100,20,20,2000,2000,0.6225500700000001,0.6865139,0.5012940599999998,0,1245.10014,100.0,cpp
4,cpp,2,20,500,20,20,10000,10000,0.6026710115,0.6239010699999995,0.5717490820000001,0,6026.710115,100.0,cpp
4,cpp,2,20,1000,20,20,20000,20000,0.6602397093999999,0.7109238069999999,0.5981489639999996,0,13204.794187999998,100.0,cpp
4,cpp,2,20,10000,20,20,200000,200000,0.672315304220001,0.6997454938000026,0.6389001889999987,0,134463.0608440002,100.0,cpp
4,cpp,2,30,1,30,30,30,30,1.6744463,7.260096,0.18187,0,50.233389,100.0,cpp
4,cpp,2,30,10,30,30,300,300,0.8009187999999999,1.9229937,0.2509036,0,240.27564,100.0,cpp
4,cpp,2,30,100,30,30,3000,3000,0.770138347,0.8530016300000001,0.6684225099999999,0,2310.4150409999997,100.0,cpp
4,cpp,2,30,500,30,30,15000,15000,0.9720560102000001,1.0739508800000002,0.8404273880000002,0,14580.840153000003,100.0,cpp
4,cpp,2,30,1000,30,30,30000,30000,0.8067148773333334,0.856287956000001,0.735756038,0,24201.446320000003,100.0,cpp
4,cpp,2,30,10000,30,30,300000,300000,0.8596598800399994,0.9531134821999966,0.6986709118999992,0,257897.96401199984,100.0,cpp
4,cpp,2,40,1,40,40,40,40,0.988239475,3.283076,0.257276,0,39.529579,100.0,cpp
4,cpp,2,40,10,40,40,400,400,0.7749190125000001,1.8062333,0.2956646,0,309.967605,100.0,cpp
4,cpp,2,40,100,40,40,4000,4000,1.2170445705,1.48435465,0.8288581200000001,0,4868.178282,100.0,cpp
4,cpp,2,40,500,40,40,20000,20000,1.0503857656000002,1.1724796399999982,0.8342325899999996,0,21007.715312,100.0,cpp
4,cpp,2,40,1000,40,40,40000,40000,1.13619178225,1.1839222099999993,1.0408679330000024,0,45447.671290000006,100.0,cpp
4,cpp,2,40,10000,40,40,400000,400000,1.1513967986675004,1.2115257573999976,1.0732356652000021,0,460558.7194670001,100.0,cpp
4,cpp,2,50,1,50,50,50,50,1.41628558,4.732202,0.209116,0,70.814279,100.0,cpp
4,cpp,2,50,10,50,50,500,500,1.266025502,2.1473193,0.4169421,0,633.012751,100.0,cpp
4,cpp,2,50,100,50,50,5000,5000,1.8945907069999999,2.0788436699999995,1.6391020600000001,0,9472.953535,100.0,cpp
4,cpp,2,50,500,50,50,25000,25000,1.5034149764400002,1.6832877120000005,1.211570617999999,0,37585.374411000004,100.0,cpp
4,cpp,2,50,1000,50,50,50000,50000,1.51060638106,1.6216908689999983,1.3703083390000013,0,75530.319053,100.0,cpp
4,cpp,2,50,10000,50,50,500000,500000,1.4118546703139991,1.4522526891999963,1.3582478824999975,0,705927.3351569995,100.0,cpp
4,cpp,2,60,1,60,60,60,60,5.4157718,15.244751,0.532937,0,324.946308,100.0,cpp
4,cpp,2,60,10,60,60,600,600,1.2566224916666668,2.1887592000000002,0.5259796999999999,0,753.973495,100.0,cpp
4,cpp,2,60,100,60,60,6000,6000,1.6787513345,1.83992817,1.4941885599999998,0,10072.508007,100.0,cpp
4,cpp,2,60,500,60,60,30000,30000,1.6724832873666666,1.7332090619999991,1.5677562220000016,0,50174.498621,100.0,cpp
4,cpp,2,60,1000,60,60,60000,60000,1.8293621415833334,1.9526894680000022,1.631826284000001,0,109761.72849499999,100.0,cpp
4,cpp,2,60,10000,60,60,600000,600000,1.7320365893633343,1.7821990762999997,1.6656267381000056,0,1039221.9536180005,100.0,cpp
4,cpp,2,70,1,70,70,70,70,2.1679034571428573,7.943038,0.150416,0,151.753242,100.0,cpp
4,cpp,2,70,10,70,70,700,700,1.26323473,2.4645753999999997,0.39609739999999993,0,884.264311,100.0,cpp
4,cpp,2,70,100,70,70,7000,7000,2.0591652480000002,2.42648826,1.32808445,0,14414.156736,100.0,cpp
4,cpp,2,70,500,70,70,35000,35000,1.9249239277142856,2.0549025460000006,1.7330355539999995,0,67372.33747,100.0,cpp
4,cpp,2,70,1000,70,70,70000,70000,1.9848395555428575,2.115806822000003,1.754258323999999,0,138938.76888800002,100.0,cpp
4,cpp,2,70,10000,70,70,700000,700000,1.9674092912828574,2.1231809694999972,1.7494744375999998,0,1377186.5038980003,100.0,cpp
4,cpp,2,80,1,80,80,80,80,1.8378803000000001,6.651869,0.208557,0,147.030424,100.0,cpp
4,cpp,2,80,10,80,80,800,800,1.9777580874999998,2.8956217,0.553529,0,1582.20647,100.0,cpp
4,cpp,2,80,100,80,80,8000,8000,2.363950294625,2.7323611899999998,1.6706278200000007,0,18911.602357,100.0,cpp
4,cpp,2,80,500,80,80,40000,40000,2.4191307648500002,2.514543011999998,2.256444771999999,0,96765.23059400001,100.0,cpp
4,cpp,2,80,1000,80,80,80000,80000,2.39567084265,2.6604131149999977,1.8615528500000027,0,191653.667412,100.0,cpp
4,cpp,2,80,10000,80,80,800000,800000,2.2561809879125008,2.496017734000005,1.8622949868999996,0,1804944.7903300007,100.0,cpp
4,cpp,2,90,1,90,90,90,90,1.513113311111111,4.635299,0.138797,0,136.180198,100.0,cpp
4,cpp,2,90,10,90,90,900,900,2.2279602333333335,4.143481199999999,0.6011147000000001,0,2005.16421,100.0,cpp
4,cpp,2,90,100,90,90,9000,9000,2.5081967856666667,2.7652666900000002,2.0562687399999997,0,22573.771071,100.0,cpp
4,cpp,2,90,500,90,90,45000,45000,2.6978245787111113,2.823822735999998,2.561391930000001,0,121402.10604200001,100.0,cpp
4,cpp,2,90,1000,90,90,90000,90000,2.687868519188889,2.842555685000001,2.410258478999996,0,241908.16672700003,100.0,cpp
4,cpp,2,90,10000,90,90,900000,900000,2.5630723913477778,2.7014678069000024,2.3907851288000055,0,2306765.152213,100.0,cpp
4,cpp,2,100,1,100,100,100,100,2.0065476,10.468608,0.188,0,200.65476,100.0,cpp
4,cpp,2,100,10,100,100,1000,1000,2.0322157,5.423132700000001,0.5554522000000001,0,2032.2157,100.0,cpp
4,cpp,2,100,100,100,100,10000,10000,3.1572961575,3.516003560000001,2.7380868200000004,0,31572.961575,100.0,cpp
4,cpp,2,100,500,100,100,50000,50000,2.9988265332,3.0650095400000006,2.9328158219999994,0,149941.32666,100.0,cpp
4,cpp,2,100,1000,100,100,100000,100000,2.9457496361700004,3.035139381000002,2.838365361000001,0,294574.96361700003,100.0,cpp
4,cpp,2,100,10000,100,100,1000000,1000000,2.8420501383489993,2.9708342989999834,2.681516737000002,0,2842050.138349,100.0,cpp
4,cpp,4,10,1,10,10,10,10,0.45575669999999996,0.857965,0.204053,0,4.557567,100.0,cpp
4,cpp,4,10,10,10,10,100,100,0.45560304999999995,0.6321085999999999,0.20507360000000002,0,45.560305,100.0,cpp
4,cpp,4,10,100,10,10,1000,1000,0.4636635269999999,0.5154147299999998,0.31447601,0,463.663527,100.0,cpp
4,cpp,4,10,500,10,10,5000,5000,0.4288698056000001,0.4743554059999998,0.2816283760000003,0,2144.3490280000005,100.0,cpp
4,cpp,4,10,1000,10,10,10000,10000,0.40472260880000005,0.4409013730000002,0.2922018459999998,0,4047.2260880000003,100.0,cpp
4,cpp,4,10,10000,10,10,100000,100000,0.4213576377799996,0.4549162822000012,0.25588763299999956,0,42135.763777999964,100.0,cpp
4,cpp,4,20,1,20,20,20,20,0.9647330000000001,2.093812,0.159363,0,19.29466,100.0,cpp
4,cpp,4,20,10,20,20,200,200,0.776112415,1.0366243000000002,0.5362762,0,155.222483,100.0,cpp
4,cpp,4,20,100,20,20,2000,2000,0.6527593344999999,0.7490949599999999,0.5424688499999997,0,1305.5186689999998,100.0,cpp
4,cpp,4,20,500,20,20,10000,10000,0.7854962275000001,0.8597726520000006,0.6511476260000004,0,7854.962275000001,100.0,cpp
4,cpp,4,20,1000,20,20,20000,20000,0.8571498120000001,1.0319527539999993,0.4923519360000003,0,17142.99624,100.0,cpp
4,cpp,4,20,10000,20,20,200000,200000,0.8114011610550002,0.9031027239999999,0.6459010893999987,0,162280.23221100002,100.0,cpp
4,cpp,4,30,1,30,30,30,30,0.959148,3.869841,0.149155,0,28.77444,100.0,cpp
4,cpp,4,30,10,30,30,300,300,0.5956781366666667,0.9542659,0.3746676,0,178.703441,100.0,cpp
4,cpp,4,30,100,30,30,3000,3000,1.0553349303333333,1.2586154299999996,0.8565408499999999,0,3166.004791,100.0,cpp
4,cpp,4,30,500,30,30,15000,15000,1.1791400301333332,1.3594999999999993,0.9931631079999995,0,17687.100452,100.0,cpp
4,cpp,4,30,1000,30,30,30000,30000,1.2276364432000002,1.3592581220000008,0.9370053709999994,0,36829.09329600001,100.0,cpp
4,cpp,4,30,10000,30,30,300000,300000,1.2019820784400002,1.2879659184000027,0.9077844936000016,0,360594.623532,100.0,cpp
4,cpp,4,40,1,40,40,40,40,1.4950057749999999,7.75485,0.149235,0,59.800231,100.0,cpp
4,cpp,4,40,10,40,40,400,400,1.0353046300000002,1.8972696,0.40313099999999996,0,414.121852,100.0,cpp
4,cpp,4,40,100,40,40,4000,4000,1.14718523675,1.4192872199999993,0.7532738600000006,0,4588.740947,100.0,cpp
4,cpp,4,40,500,40,40,20000,20000,1.3823431022499997,1.5117807819999998,1.0552574300000002,0,27646.862044999998,100.0,cpp
4,cpp,4,40,1000,40,40,40000,40000,1.3918464044249999,1.5340364960000008,1.1200989780000006,0,55673.856177,100.0,cpp
4,cpp,4,40,10000,40,40,400000,400000,1.2544213617824993,1.324647465799994,0.9917369382000023,0,501768.5447129997,100.0,cpp
4,cpp,4,50,1,50,50,50,50,1.5273086599999999,6.628877,0.162206,0,76.365433,100.0,cpp
4,cpp,4,50,10,50,50,500,500,1.320385972,2.089478,0.44437540000000003,0,660.192986,100.0,cpp
4,cpp,4,50,100,50,50,5000,5000,1.6462254414,1.9883132300000002,1.2221493599999997,0,8231.127207,100.0,cpp
4,cpp,4,50,500,50,50,25000,25000,1.8060190489199999,1.9681923879999987,1.3502324959999996,0,45150.476223,100.0,cpp
4,cpp,4,50,1000,50,50,50000,50000,1.6718031224400003,1.7649748419999987,1.4511865709999998,0,83590.15612200001,100.0,cpp
4,cpp,4,50,10000,50,50,500000,500000,1.5151712568879996,1.6058997401999988,1.428985020000002,0,757585.6284439997,100.0,cpp
4,cpp,4,60,1,60,60,60,60,1.1739987666666667,5.682174,0.164301,0,70.439926,100.0,cpp
4,cpp,4,60,10,60,60,600,600,1.4802493733333333,3.0581188,0.4285786999999999,0,888.149624,100.0,cpp
4,cpp,4,60,100,60,60,6000,6000,1.5081178786666667,1.80808812,0.8915021299999997,0,9048.707272000001,100.0,cpp
4,cpp,4,60,500,60,60,30000,30000,2.111893064266667,2.315434648000003,1.5927224659999997,0,63356.791928000006,100.0,cpp
4,cpp,4,60,1000,60,60,60000,60000,1.6922369430166668,1.8443928769999998,1.4050200059999998,0,101534.216581,100.0,cpp
4,cpp,4,60,10000,60,60,600000,600000,1.7132429752466656,1.8748604607000092,1.4599968663999963,0,1027945.7851479994,100.0,cpp
4,cpp,4,70,1,70,70,70,70,0.8213329714285714,3.193762,0.131355,0,57.493308,100.0,cpp
4,cpp,4,70,10,70,70,700,700,2.01852033,4.8439404,0.3622732,0,1412.964231,100.0,cpp
4,cpp,4,70,100,70,70,7000,7000,1.6673680365714285,1.9514162800000003,1.12650063,0,11671.576256,100.0,cpp
4,cpp,4,70,500,70,70,35000,35000,2.3604054538571426,2.5540211580000003,1.7971601440000007,0,82614.190885,100.0,cpp
4,cpp,4,70,1000,70,70,70000,70000,1.914726608685714,2.1610679249999984,1.509308591999999,0,134030.86260799997,100.0,cpp
4,cpp,4,70,10000,70,70,700000,700000,1.903127904214285,2.1091445829999946,1.5693859080000037,0,1332189.5329499994,100.0,cpp
4,cpp,4,80,1,80,80,80,80,1.1944470125,4.960267,0.181741,0,95.555761,100.0,cpp
4,cpp,4,80,10,80,80,800,800,1.2560701612499998,3.5127151999999997,0.32023270000000004,0,1004.856129,100.0,cpp
4,cpp,4,80,100,80,80,8000,8000,1.863925700875,2.2175606,1.2716976800000004,0,14911.405607,100.0,cpp
4,cpp,4,80,500,80,80,40000,40000,2.3049702591,2.480952082,1.94009396,0,92198.810364,100.0,cpp
4,cpp,4,80,1000,80,80,80000,80000,2.1843632660374994,2.3803247999999972,1.6733219539999995,0,174749.06128299996,100.0,cpp
4,cpp,4,80,10000,80,80,800000,800000,2.1388931704237493,2.2713674400000055,2.0128784817000023,0,1711114.5363389992,100.0,cpp
4,cpp,4,90,1,90,90,90,90,1.0117639222222221,4.523126,0.151667,0,91.058753,100.0,cpp
4,cpp,4,90,10,90,90,900,900,1.9717783811111111,4.1947148,0.3321295,0,1774.600543,100.0,cpp
4,cpp,4,90,100,90,90,9000,9000,2.042795323777778,2.4906081200000005,1.3019650999999999,0,18385.157914,100.0,cpp
4,cpp,4,90,500,90,90,45000,45000,2.657760416444445,2.832679236000002,2.3850859279999987,0,119599.21874000001,100.0,cpp
4,cpp,4,90,1000,90,90,90000,90000,2.4341879819444445,2.6461967469999994,2.1011582149999986,0,219076.918375,100.0,cpp
4,cpp,4,90,10000,90,90,900000,900000,2.165114881377778,2.5177216183999915,1.5349904065999993,0,1948603.39324,100.0,cpp
4,cpp,4,100,1,100,100,100,100,1.44005782,6.980615,0.171405,0,144.005782,100.0,cpp
4,cpp,4,100,10,100,100,1000,1000,2.280188422,4.1834897,0.5159039,0,2280.188422,100.0,cpp
4,cpp,4,100,100,100,100,10000,10000,2.1824406234,2.715069640000001,1.3254512,0,21824.406234,100.0,cpp
4,cpp,4,100,500,100,100,50000,50000,2.70500748692,3.055398805999998,2.013447762,0,135250.374346,100.0,cpp
4,cpp,4,100,1000,100,100,100000,100000,2.64828728124,2.8399537290000034,2.157848109999997,0,264828.728124,100.0,cpp
4,cpp,4,100,10000,100,100,1000000,1000000,2.5799134890840003,2.815553929700001,2.053584517099999,0,2579913.4890840002,100.0,cpp
4,cpp,6,10,1,10,10,10,10,0.7415628,1.015565,0.365796,0,7.415628,100.0,cpp
4,cpp,6,10,10,10,10,100,100,0.47146470999999995,0.5997062999999999,0.3465319,0,47.146471,100.0,cpp
4,cpp,6,10,100,10,10,1000,1000,0.391619747,0.45084137000000013,0.29304802,0,391.619747,100.0,cpp
4,cpp,6,10,500,10,10,5000,5000,0.3943142614000001,0.44065307599999975,0.3197779539999999,0,1971.5713070000004,100.0,cpp
4,cpp,6,10,1000,10,10,10000,10000,0.3908150052,0.43644372900000106,0.2620256929999998,0,3908.150052,100.0,cpp
4,cpp,6,10,10000,10,10,100000,100000,0.3894312026599997,0.45224706259999903,0.2724819094999992,0,38943.12026599997,100.0,cpp
4,cpp,6,20,1,20,20,20,20,0.7115489,1.68759,0.248401,0,14.230978,100.0,cpp
4,cpp,6,20,10,20,20,200,200,0.6523739199999999,0.9343511,0.4308106999999999,0,130.474784,100.0,cpp
4,cpp,6,20,100,20,20,2000,2000,0.699552511,0.82682208,0.30528907,0,1399.105022,100.0,cpp
4,cpp,6,20,500,20,20,10000,10000,0.7872686658000003,0.9113046040000004,0.5051821460000004,0,7872.686658000002,100.0,cpp
4,cpp,6,20,1000,20,20,20000,20000,0.6608274453499998,0.7962410310000002,0.45476451300000026,0,13216.548906999997,100.0,cpp
4,cpp,6,20,10000,20,20,200000,200000,0.6866949370200004,0.8020993723,0.352814203499999,0,137338.98740400007,100.0,cpp
4,cpp,6,30,1,30,30,30,30,0.8245904666666667,2.993205,0.173086,0,24.737714,100.0,cpp
4,cpp,6,30,10,30,30,300,300,0.79948782,1.7511724999999998,0.307561,0,239.84634599999998,100.0,cpp
4,cpp,6,30,100,30,30,3000,3000,0.9069972116666667,1.11019737,0.3753007400000001,0,2720.991635,100.0,cpp
4,cpp,6,30,500,30,30,15000,15000,1.0571157238,1.2892168440000003,0.46641813600000037,0,15856.735857,100.0,cpp
4,cpp,6,30,1000,30,30,30000,30000,1.0816565783666667,1.287225107,0.6373350440000002,0,32449.69735100001,100.0,cpp
4,cpp,6,30,10000,30,30,300000,300000,1.2576576508766655,1.3711429119000016,0.8972687754000037,0,377297.29526299966,100.0,cpp
4,cpp,6,40,1,40,40,40,40,1.390502825,3.709677,0.159598,0,55.620113,100.0,cpp
4,cpp,6,40,10,40,40,400,400,1.0134648325,2.0783395999999996,0.31228590000000006,0,405.38593299999997,100.0,cpp
4,cpp,6,40,100,40,40,4000,4000,1.1888961865,1.4881327500000006,0.6131981300000001,0,4755.584746,100.0,cpp
4,cpp,6,40,500,40,40,20000,20000,1.59038463835,1.7574684900000008,1.1827491819999996,0,31807.692766999997,100.0,cpp
4,cpp,6,40,1000,40,40,40000,40000,1.3930737515499998,1.5847055070000018,0.5898867169999996,0,55722.950061999996,100.0,cpp
4,cpp,6,40,10000,40,40,400000,400000,1.6553598851675013,1.7355522862000008,1.3804208865000056,0,662143.9540670004,100.0,cpp
4,cpp,6,50,1,50,50,50,50,1.12669788,3.589521,0.192084,0,56.334894,100.0,cpp
4,cpp,6,50,10,50,50,500,500,1.172036352,2.5836273,0.251156,0,586.018176,100.0,cpp
4,cpp,6,50,100,50,50,5000,5000,1.5808245014,1.8599325899999994,1.2166814400000003,0,7904.122507,100.0,cpp
4,cpp,6,50,500,50,50,25000,25000,1.8565711790800001,2.098703981999998,1.1482980699999998,0,46414.279477000004,100.0,cpp
4,cpp,6,50,1000,50,50,50000,50000,1.8520905237400003,2.011009060000001,1.477853284000001,0,92604.52618700002,100.0,cpp
4,cpp,6,50,10000,50,50,500000,500000,1.6624520544840007,1.772246328800005,1.3986679447000039,0,831226.0272420004,100.0,cpp
4,cpp,6,60,1,60,60,60,60,1.0395761000000001,5.780885,0.252662,0,62.374566,100.0,cpp
4,cpp,6,60,10,60,60,600,600,1.2834791783333335,2.2228897,0.2618904,0,770.087507,100.0,cpp
4,cpp,6,60,100,60,60,6000,6000,1.8728397421666665,2.3768364499999994,1.3615876899999997,0,11237.038453,100.0,cpp
4,cpp,6,60,500,60,60,30000,30000,2.2222740834666665,2.496012986000001,1.6984115339999992,0,66668.222504,100.0,cpp
4,cpp,6,60,1000,60,60,60000,60000,1.7243562630166664,1.9597952049999987,1.190698562999999,0,103461.37578099998,100.0,cpp
4,cpp,6,60,10000,60,60,600000,600000,1.740157790426666,1.867582802799992,0.5887190335000003,0,1044094.6742559996,100.0,cpp
4,cpp,6,70,1,70,70,70,70,3.1497551285714285,10.391138,0.272068,0,220.482859,100.0,cpp
4,cpp,6,70,10,70,70,700,700,1.4565477542857141,2.8055082999999996,0.5154053,0,1019.583428,100.0,cpp
4,cpp,6,70,100,70,70,7000,7000,1.6612352064285714,2.1766224199999997,1.1794257899999998,0,11628.646445,100.0,cpp
4,cpp,6,70,500,70,70,35000,35000,2.4517202987714284,2.8081352839999973,1.653940016000001,0,85810.210457,100.0,cpp
4,cpp,6,70,1000,70,70,70000,70000,2.070950318357143,2.4093476180000057,1.4031115760000032,0,144966.522285,100.0,cpp
4,cpp,6,70,10000,70,70,700000,700000,2.049144329882857,2.227917137999993,1.664197570700001,0,1434401.0309179998,100.0,cpp
4,cpp,6,80,1,80,80,80,80,1.933197275,8.606618,0.252899,0,154.655782,100.0,cpp
4,cpp,6,80,10,80,80,800,800,1.84700971125,3.5790551,0.5318153000000001,0,1477.607769,100.0,cpp
4,cpp,6,80,100,80,80,8000,8000,2.555026098375,3.1996889900000003,1.71861709,0,20440.208787,100.0,cpp
4,cpp,6,80,500,80,80,40000,40000,2.521358756375,2.885689902000001,1.7645730100000019,0,100854.350255,100.0,cpp
4,cpp,6,80,1000,80,80,80000,80000,2.4521062103249998,2.6809917659999987,2.1282818079999997,0,196168.496826,100.0,cpp
4,cpp,6,80,10000,80,80,800000,800000,2.2439266387999988,2.4607453135000057,1.868562358599995,0,1795141.311039999,100.0,cpp
4,cpp,6,90,1,90,90,90,90,1.1618077111111111,5.239185,0.182155,0,104.562694,100.0,cpp
4,cpp,6,90,10,90,90,900,900,1.4353426133333331,3.4962106000000004,0.3280604,0,1291.808352,100.0,cpp
4,cpp,6,90,100,90,90,9000,9000,2.171415592,2.7331149,1.5677070700000002,0,19542.740328,100.0,cpp
4,cpp,6,90,500,90,90,45000,45000,2.5588125627555556,2.93492895,1.3618659580000005,0,115146.565324,100.0,cpp
4,cpp,6,90,1000,90,90,90000,90000,2.4386993109111113,2.8220026869999937,1.230847103,0,219482.937982,100.0,cpp
4,cpp,6,90,10000,90,90,900000,900000,2.4286422968333334,2.6901340206000017,1.9499134133999974,0,2185778.06715,100.0,cpp
4,cpp,6,100,1,100,100,100,100,2.40131913,9.755123,0.188199,0,240.131913,100.0,cpp
4,cpp,6,100,10,100,100,1000,1000,2.029060592,4.736198199999999,0.43251629999999996,0,2029.060592,100.0,cpp
4,cpp,6,100,100,100,100,10000,10000,2.360970198,3.1217177799999996,1.33446259,0,23609.701979999998,100.0,cpp
4,cpp,6,100,500,100,100,50000,50000,3.2455969788,3.560902257999999,2.807593694000001,0,162279.84894,100.0,cpp
4,cpp,6,100,1000,100,100,100000,100000,2.7504505890199997,3.0374891490000038,2.065193971,0,275045.058902,100.0,cpp
4,cpp,6,100,10000,100,100,1000000,1000000,2.5318781256280003,2.86400287620001,1.9723249569000014,0,2531878.125628,100.0,cpp
4,cpp,8,10,1,10,10,10,10,0.6962894,2.172487,0.210343,0,6.9628939999999995,100.0,cpp
4,cpp,8,10,10,10,10,100,100,0.44718523,0.6087809,0.3257888,0,44.718523,100.0,cpp
4,cpp,8,10,100,10,10,1000,1000,0.42701802899999997,0.47948108999999994,0.36398699,0,427.018029,100.0,cpp
4,cpp,8,10,500,10,10,5000,5000,0.38888054279999995,0.43350538600000016,0.3091902019999996,0,1944.4027139999998,100.0,cpp
4,cpp,8,10,1000,10,10,10000,10000,0.41790138509999997,0.4681207350000005,0.287747465,0,4179.013851,100.0,cpp
4,cpp,8,10,10000,10,10,100000,100000,0.44081876172999923,0.48241071749999936,0.37907372779999904,0,44081.876172999924,100.0,cpp
4,cpp,8,20,1,20,20,20,20,0.8561491,2.36136,0.214339,0,17.122982,100.0,cpp
4,cpp,8,20,10,20,20,200,200,0.8840322500000001,1.2839332,0.5189707,0,176.80645,100.0,cpp
4,cpp,8,20,100,20,20,2000,2000,0.704496116,0.7756650899999997,0.5613063299999996,0,1408.9922319999998,100.0,cpp
4,cpp,8,20,500,20,20,10000,10000,0.6625924770999999,0.79549476,0.3110125159999999,0,6625.924770999999,100.0,cpp
4,cpp,8,20,1000,20,20,20000,20000,0.7282112628000001,0.8439460059999998,0.3049560509999993,0,14564.225256000003,100.0,cpp
4,cpp,8,20,10000,20,20,200000,200000,0.77530479335,0.9084802854999998,0.45687158840000075,0,155060.95867000002,100.0,cpp
4,cpp,8,30,1,30,30,30,30,0.9316147,3.456699,0.219596,0,27.948441,100.0,cpp
4,cpp,8,30,10,30,30,300,300,0.7712569066666667,1.6954629,0.27132429999999996,0,231.377072,100.0,cpp
4,cpp,8,30,100,30,30,3000,3000,0.8916592536666668,1.0930261300000004,0.4041020999999998,0,2674.977761,100.0,cpp
4,cpp,8,30,500,30,30,15000,15000,1.2292027218666666,1.3729438660000006,0.7856545400000001,0,18438.040827999997,100.0,cpp
4,cpp,8,30,1000,30,30,30000,30000,1.2648745102333332,1.4261676149999993,1.0456299600000005,0,37946.235306999995,100.0,cpp
4,cpp,8,30,10000,30,30,300000,300000,1.2227280553833326,1.3745782301000082,0.5332457975999985,0,366818.4166149998,100.0,cpp
4,cpp,8,40,1,40,40,40,40,1.0509026499999998,2.584265,0.211149,0,42.036106,100.0,cpp
4,cpp,8,40,10,40,40,400,400,1.055895275,2.8224863999999994,0.3577419,0,422.35811,100.0,cpp
4,cpp,8,40,100,40,40,4000,4000,1.206602491,1.4359142299999998,0.8956924200000002,0,4826.409964,100.0,cpp
4,cpp,8,40,500,40,40,20000,20000,1.3162042751499998,1.5741896819999994,0.5542270339999997,0,26324.085502999995,100.0,cpp
4,cpp,8,40,1000,40,40,40000,40000,1.5792367047500004,1.792230495999998,1.00564554,0,63169.46819000002,100.0,cpp
4,cpp,8,40,10000,40,40,400000,400000,1.7176258797100004,1.8748310022999948,1.0183606088999977,0,687050.3518840001,100.0,cpp
4,cpp,8,50,1,50,50,50,50,0.94626336,3.183182,0.210563,0,47.313168,100.0,cpp
4,cpp,8,50,10,50,50,500,500,1.300078848,2.5578528,0.2729602,0,650.039424,100.0,cpp
4,cpp,8,50,100,50,50,5000,5000,1.4745362578,1.84665703,0.9441795,0,7372.681289,100.0,cpp
4,cpp,8,50,500,50,50,25000,25000,1.98266655304,2.290735132000001,1.2542600119999996,0,49566.663826,100.0,cpp
4,cpp,8,50,1000,50,50,50000,50000,1.7602396975200003,2.1083487210000027,1.001121390000001,0,88011.98487600002,100.0,cpp
4,cpp,8,50,10000,50,50,500000,500000,2.1739001422960005,2.378282976100004,1.2659064758000018,0,1086950.0711480002,100.0,cpp
4,cpp,8,60,1,60,60,60,60,1.0617228833333334,5.856114,0.166664,0,63.703373,100.0,cpp
4,cpp,8,60,10,60,60,600,600,1.1587209483333332,2.0574791999999995,0.30575769999999997,0,695.232569,100.0,cpp
4,cpp,8,60,100,60,60,6000,6000,1.791951818,2.3343723099999996,1.0217383899999999,0,10751.710908,100.0,cpp
4,cpp,8,60,500,60,60,30000,30000,2.1102253143,2.424672923999997,1.2540049020000006,0,63306.759429000005,100.0,cpp
4,cpp,8,60,1000,60,60,60000,60000,2.1373990030166667,2.4395931330000047,1.573589342000001,0,128243.940181,100.0,cpp
4,cpp,8,60,10000,60,60,600000,600000,2.635970469071664,2.848931695499969,1.334948976200001,0,1581582.2814429984,100.0,cpp
4,cpp,8,70,1,70,70,70,70,1.4600125428571429,8.061582,0.179607,0,102.200878,100.0,cpp
4,cpp,8,70,10,70,70,700,700,1.44118385,2.7772312999999995,0.25142509999999996,0,1008.828695,100.0,cpp
4,cpp,8,70,100,70,70,7000,7000,2.3228119,2.801298710000001,1.3795575399999997,0,16259.683299999999,100.0,cpp
4,cpp,8,70,500,70,70,35000,35000,2.512686220828572,2.986621575999998,1.5680870580000024,0,87944.01772900001,100.0,cpp
4,cpp,8,70,1000,70,70,70000,70000,2.170256172128571,2.6712196279999993,1.4304356320000007,0,151917.93204899997,100.0,cpp
4,cpp,8,70,10000,70,70,700000,700000,2.692805022865715,3.0200736143000113,2.017432714200003,0,1884963.5160060008,100.0,cpp
4,cpp,8,80,1,80,80,80,80,1.78359855,7.446423,0.217605,0,142.687884,100.0,cpp
4,cpp,8,80,10,80,80,800,800,1.9542466749999998,4.2202106,0.278088,0,1563.39734,100.0,cpp
4,cpp,8,80,100,80,80,8000,8000,2.25712990675,2.903340180000001,1.2450719,0,18057.039254,100.0,cpp
4,cpp,8,80,500,80,80,40000,40000,2.8622814424500005,3.2374594479999965,1.476154938,0,114491.257698,100.0,cpp
4,cpp,8,80,1000,80,80,80000,80000,2.92131907835,3.2896396799999974,2.045009211,0,233705.526268,100.0,cpp
4,cpp,8,80,10000,80,80,800000,800000,2.677151097733751,2.786457428699991,2.3612626670999997,0,2141720.8781870008,100.0,cpp
4,cpp,8,90,1,90,90,90,90,1.676950077777778,6.436736,0.202719,0,150.925507,100.0,cpp
4,cpp,8,90,10,90,90,900,900,2.03987957,4.101483400000001,0.3248371,0,1835.891613,100.0,cpp
4,cpp,8,90,100,90,90,9000,9000,2.322699335222222,2.9477724399999987,0.6158883600000002,0,20904.294017,100.0,cpp
4,cpp,8,90,500,90,90,45000,45000,3.6157860669555553,4.0282905599999985,2.0825714219999987,0,162710.373013,100.0,cpp
4,cpp,8,90,1000,90,90,90000,90000,2.6414044247111104,2.9081897859999977,2.1697501210000003,0,237726.39822399995,100.0,cpp
4,cpp,8,90,10000,90,90,900000,900000,2.9223684711044444,3.032395710200002,2.7513345911000084,0,2630131.6239940003,100.0,cpp
4,cpp,8,100,1,100,100,100,100,1.28647312,5.58164,0.175068,0,128.647312,100.0,cpp
4,cpp,8,100,10,100,100,1000,1000,2.636579624,4.514798600000001,0.2633511,0,2636.579624,100.0,cpp
4,cpp,8,100,100,100,100,10000,10000,2.7353326138,3.747008319999998,1.36741401,0,27353.326137999997,100.0,cpp
4,cpp,8,100,500,100,100,50000,50000,3.0178162208600003,3.544326201999998,1.8798847859999992,0,150890.811043,100.0,cpp
4,cpp,8,100,1000,100,100,100000,100000,3.16107139758,3.487553696999997,2.530224480000001,0,316107.13975800003,100.0,cpp
4,cpp,8,100,10000,100,100,1000000,1000000,2.7987077968059992,2.9759682015999966,2.5564636131000027,0,2798707.7968059992,100.0,cpp
4,cpp,10,10,1,10,10,10,10,0.8567095,1.281702,0.391815,0,8.567095,100.0,cpp
4,cpp,10,10,10,10,10,100,100,0.53708171,0.7379102000000001,0.2837652,0,53.708171,100.0,cpp
4,cpp,10,10,100,10,10,1000,1000,0.35687205099999997,0.4354314199999999,0.21152776999999992,0,356.87205099999994,100.0,cpp
4,cpp,10,10,500,10,10,5000,5000,0.3774276606000001,0.43604958199999955,0.304242748,0,1887.1383030000004,100.0,cpp
4,cpp,10,10,1000,10,10,10000,10000,0.37449436969999994,0.42450352499999977,0.2687298830000002,0,3744.9436969999997,100.0,cpp
4,cpp,10,10,10000,10,10,100000,100000,0.4317128182099997,0.478155458799997,0.3499512903999995,0,43171.28182099997,100.0,cpp
4,cpp,10,20,1,20,20,20,20,0.72534095,2.083083,0.205395,0,14.506819,100.0,cpp
4,cpp,10,20,10,20,20,200,200,0.75450086,1.1532653,0.1839664,0,150.900172,100.0,cpp
4,cpp,10,20,100,20,20,2000,2000,0.6885462555,0.8758370000000001,0.4233367300000001,0,1377.092511,100.0,cpp
4,cpp,10,20,500,20,20,10000,10000,0.69480928,0.8349448199999997,0.33930092399999984,0,6948.092799999999,100.0,cpp
4,cpp,10,20,1000,20,20,20000,20000,0.7797869154000001,0.9071789020000004,0.5244167150000001,0,15595.738308000002,100.0,cpp
4,cpp,10,20,10000,20,20,200000,200000,0.7699101381750008,0.9054100478000017,0.514364480700001,0,153982.02763500015,100.0,cpp
4,cpp,10,30,1,30,30,30,30,0.8485423333333333,2.127129,0.258349,0,25.45627,100.0,cpp
4,cpp,10,30,10,30,30,300,300,0.8433697966666666,1.5936734,0.22475209999999998,0,253.01093899999998,100.0,cpp
4,cpp,10,30,100,30,30,3000,3000,0.8646549013333332,1.0803777700000001,0.5692251399999999,0,2593.964704,100.0,cpp
4,cpp,10,30,500,30,30,15000,15000,0.9270392888000002,1.1262951900000002,0.359519218,0,13905.589332000003,100.0,cpp
4,cpp,10,30,1000,30,30,30000,30000,1.2704643832,1.432859404000001,0.7375791890000012,0,38113.931496,100.0,cpp
4,cpp,10,30,10000,30,30,300000,300000,1.2720916963666664,1.4260633133999976,0.8541391648999989,0,381627.50891,100.0,cpp
4,cpp,10,40,1,40,40,40,40,0.67773445,1.75607,0.152544,0,27.109378,100.0,cpp
4,cpp,10,40,10,40,40,400,400,0.7206817525,1.2944631999999998,0.2113533,0,288.272701,100.0,cpp
4,cpp,10,40,100,40,40,4000,4000,1.1775084045,1.4711383599999996,0.4320168200000002,0,4710.0336179999995,100.0,cpp
4,cpp,10,40,500,40,40,20000,20000,1.5900364774499998,1.7995785979999999,0.9599404399999991,0,31800.729548999996,100.0,cpp
4,cpp,10,40,1000,40,40,40000,40000,1.5291313815000005,1.7388896680000028,1.1370345319999988,0,61165.25526000002,100.0,cpp
4,cpp,10,40,10000,40,40,400000,400000,1.7255455286275005,1.9369636158000023,0.7034801178000005,0,690218.2114510003,100.0,cpp
4,cpp,10,50,1,50,50,50,50,0.9537493600000001,3.508893,0.163862,0,47.687468,100.0,cpp
4,cpp,10,50,10,50,50,500,500,1.322255328,2.5399708,0.27949609999999997,0,661.127664,100.0,cpp
4,cpp,10,50,100,50,50,5000,5000,1.3932764372,1.9346520900000002,0.7708585100000002,0,6966.382186,100.0,cpp
4,cpp,10,50,500,50,50,25000,25000,1.94240541936,2.252194482000003,1.2956855139999996,0,48560.135484,100.0,cpp
4,cpp,10,50,1000,50,50,50000,50000,2.06020097726,2.3802929739999965,1.169869902,0,103010.04886300002,100.0,cpp
4,cpp,10,50,10000,50,50,500000,500000,2.263811041505999,2.4852543499,1.2491246914000034,0,1131905.5207529995,100.0,cpp
4,cpp,10,60,1,60,60,60,60,1.47732175,5.049326,0.130547,0,88.639305,100.0,cpp
4,cpp,10,60,10,60,60,600,600,1.2813650983333333,3.8385497,0.2636438,0,768.819059,100.0,cpp
4,cpp,10,60,100,60,60,6000,6000,1.818853384,2.3433434899999996,0.8216133500000002,0,10913.120304,100.0,cpp
4,cpp,10,60,500,60,60,30000,30000,2.2526689340000003,2.7433058379999986,1.2518251839999999,0,67580.06802,100.0,cpp
4,cpp,10,60,1000,60,60,60000,60000,2.3584138641666663,2.722269231999995,0.9918091380000001,0,141504.83185,100.0,cpp
4,cpp,10,60,10000,60,60,600000,600000,2.7603743985383336,2.916796061799992,2.132814094700005,0,1656224.6391230002,100.0,cpp
4,cpp,10,70,1,70,70,70,70,1.6447962142857142,13.480521,0.200434,0,115.135735,100.0,cpp
4,cpp,10,70,10,70,70,700,700,1.5748165757142858,3.370469,0.30532259999999994,0,1102.371603,100.0,cpp
4,cpp,10,70,100,70,70,7000,7000,2.0092771288571427,2.7472441799999983,0.8319365999999997,0,14064.939902,100.0,cpp
4,cpp,10,70,500,70,70,35000,35000,2.8926909793999998,3.2834053800000045,1.6943377899999998,0,101244.184279,100.0,cpp
4,cpp,10,70,1000,70,70,70000,70000,2.684625540557143,3.1375711389999985,1.7635201900000015,0,187923.78783900003,100.0,cpp
4,cpp,10,70,10000,70,70,700000,700000,3.1889499921700004,3.4502642617999975,2.5231585591000067,0,2232264.9945190004,100.0,cpp
4,cpp,10,80,1,80,80,80,80,1.3469647125,10.880184,0.182786,0,107.757177,100.0,cpp
4,cpp,10,80,10,80,80,800,800,1.96019855375,4.2436516,0.3625612000000001,0,1568.158843,100.0,cpp
4,cpp,10,80,100,80,80,8000,8000,1.9465958672500001,2.8166064100000003,1.01703011,0,15572.766938,100.0,cpp
4,cpp,10,80,500,80,80,40000,40000,3.234776895575,3.811385211999997,1.577258164,0,129391.07582299999,100.0,cpp
4,cpp,10,80,1000,80,80,80000,80000,3.0628338384374993,3.494804816999999,1.8460885499999975,0,245026.70707499995,100.0,cpp
4,cpp,10,80,10000,80,80,800000,800000,3.7933375670162506,4.02912902799999,2.7161564851999946,0,3034670.053613,100.0,cpp
4,cpp,10,90,1,90,90,90,90,2.329833288888889,15.090165,0.181766,0,209.684996,100.0,cpp
4,cpp,10,90,10,90,90,900,900,1.3744653833333333,3.4885684000000006,0.2446063,0,1237.018845,100.0,cpp
4,cpp,10,90,100,90,90,9000,9000,2.6022643902222224,3.3874200599999993,1.2893725099999995,0,23420.379512,100.0,cpp
4,cpp,10,90,500,90,90,45000,45000,3.5417485756000002,4.0688369799999995,1.5853600759999995,0,159378.685902,100.0,cpp
4,cpp,10,90,1000,90,90,90000,90000,3.7070783126111104,4.163570361,1.7965643579999988,0,333637.04813499993,100.0,cpp
4,cpp,10,90,10000,90,90,900000,900000,3.8406323238477764,4.285407345200034,2.937338590199985,0,3456569.091462999,100.0,cpp
4,cpp,10,100,1,100,100,100,100,1.4076355,7.622566,0.154307,0,140.76355,100.0,cpp
4,cpp,10,100,10,100,100,1000,1000,2.257335847,5.191308099999999,0.5926018999999999,0,2257.335847,100.0,cpp
4,cpp,10,100,100,100,100,10000,10000,2.8044451958999996,3.644478179999999,1.0380848699999996,0,28044.451958999998,100.0,cpp
4,cpp,10,100,500,100,100,50000,50000,3.7182148329999993,4.109201894000001,2.9204517459999986,0,185910.74164999998,100.0,cpp
4,cpp,10,100,1000,100,100,100000,100000,3.6321576463199996,4.163488383000005,2.5194734970000017,0,363215.76463199995,100.0,cpp
4,cpp,10,100,10000,100,100,1000000,1000000,3.781564204395,4.297635010499994,3.0211173050000046,0,3781564.2043949994,100.0,cpp
